{
  "gcn": {
    "ntu_acc": 71.49612027158099,
    "pku_top1": 86.60005671637398,
    "pku_top5": 98.4623015873016,
    "pku_f1": 53.23298163612781,
    "drop": -15.103936444792993
  },
  "gat": {
    "ntu_acc": 64.77154635550558,
    "pku_top1": 81.17205226232134,
    "pku_top5": 97.27182539682539,
    "pku_f1": 49.53183628456898,
    "drop": -16.400505906815766
  },
  "gin": {
    "ntu_acc": 68.76818622696412,
    "pku_top1": 80.73270983166165,
    "pku_top5": 97.71825396825396,
    "pku_f1": 49.410793101882675,
    "drop": -11.964523604697533
  }
}