{
  "gcn": {
    "ntu_acc": 71.49612027158099,
    "pku_top1": 31.746031746031743,
    "pku_top5": 49.1425737502083,
    "pku_f1": 18.201490644894474,
    "drop": 39.750088525549245
  },
  "gat": {
    "ntu_acc": 64.77154635550558,
    "pku_top1": 29.598922909252227,
    "pku_top5": 50.141723383040656,
    "pku_f1": 17.995712745650785,
    "drop": 35.172623446253354
  },
  "gin": {
    "ntu_acc": 68.76818622696412,
    "pku_top1": 28.415532906850178,
    "pku_top5": 47.64739232403891,
    "pku_f1": 16.60808137378064,
    "drop": 40.352653320113944
  }
}