{
  "model": "gat",
  "best_val_pku": 81.20039682539682,
  "ntu_acc": 64.77154635550558,
  "epochs": 25,
  "lr": 0.00025
}