{
  "model": "gcn",
  "best_val_pku": 86.60714285714286,
  "ntu_acc": 71.49612027158099,
  "epochs": 25,
  "lr": 0.00025
}