{
  "model": "gin",
  "best_val_pku": 80.75396825396825,
  "ntu_acc": 68.76818622696412,
  "epochs": 25,
  "lr": 0.00025
}