{
  "gcn": {
    "top1_acc": 0.78125,
    "top5_acc": 2.34375,
    "f1_macro": 0.003875968953187909
  },
  "gat": {
    "top1_acc": 0.0,
    "top5_acc": 2.34375,
    "f1_macro": 0.0
  },
  "gin": {
    "top1_acc": 0.78125,
    "top5_acc": 2.34375,
    "f1_macro": 0.003875968953187909
  }
}