{
  "model": "gcn",
  "best_val_pku": 88.43537417669145,
  "ntu_acc": 71.49612027158099,
  "epochs": 30,
  "lr": 0.001
}