{
  "model": "gat",
  "best_val_pku": 80.76814063011653,
  "ntu_acc": 64.77154635550558,
  "epochs": 30,
  "lr": 0.001
}